playerId;skaterFullName;teamAbbrevs
8477419;Mason Geertsen;BUF
8484779;Jett Luchanko;PHI
8478502;Dennis Gilbert;OTT
8480021;Jack Studnicka;FLA
8478173;Hayden Hodgson;OTT
8482749;Joshua Roy;MTL
8482953;Taylor Makar;COL
8481535;Nils Hoglander;VAN
8484214;Luca Pinelli;CBJ
8480874;Adam Ginning;PHI
8485512;Tim Washe;ANA
8477401;John Hayden;SEA
8477320;Anton Blidh;NYR
8482479;Trevor Kuntar;BUF
8482070;Mitchell Chaffee;TBL
8483460;David Jiricek;MIN
8482787;Nikita Chibrikov;WPG
8475790;Erik Gudbranson;CBJ
8475762;Derek Forbort;VAN
8476988;Matthew Benning;TOR
8482496;Nils Aman;VAN
8482877;Jaroslav Chmelar;NYR
8482747;Brennan Othmann;NYR
8485385;Braeden Cootes;VAN
8483567;Georgii Merkulov;BOS
8475795;Dylan McIlrath;WSH
8477938;Haydn Fleury;WPG
8484821;Sam Morton;CGY
8482781;Carson Lambos;MIN
8480828;Michael Callahan;BOS
8479772;Zack MacEwen;NJD
8483429;Seamus Casey;NJD
8482698;Tristan Broz;PIT
8479388;Riley Stillman;EDM
8476425;Joseph LaBate;VAN
8479639;Dylan Coghlan;VGK
8481715;Hunter Skinner;STL
8482673;Xavier Bourgault;OTT
8484287;Cole McWard;NYI
8481564;Ryan Johnson;BUF
8483433;Jack Devine;FLA
8482132;Brett Berard;NYR
8474149;Evgenii Dadonov;NJD
8481594;Nathan Légaré;NJD
8483452;Hunter Haight;MIN
8482804;Ty Murchison;PHI
8482209;Rory Kerins;CGY
8483771;Sandis Vilmanis;FLA
8483491;Ivan Miroshnichenko;WSH
8478147;Bokondji Imama;PIT
8482766;William Stromgren;CGY
8482167;Bogdan Trineyev;WSH
8481562;Domenick Fensore;CAR
8479421;Jacob Moverare;LAK
8483510;Elias Salomonsson;WPG
8475235;Nicolas Deslauriers;PHI
8476391;T.J. Tynan;COL
8480891;Michael Kesselring;BUF
8483686;Adam Engstrom;MTL
8481712;Matej  Blümel;BOS
8481848;Jacob Gaucher;PHI
8475461;Andrew Agozzino;UTA
8484255;Jason Polin;COL
8475179;Dmitry Kulikov;FLA
8477034;Jaycob Megna;VGK
8479383;Boris Katchouk;TBL
8483503;Owen Pickering;PIT
8483768;Victor Mancini;VAN
8479705;Jeffrey Viel;BOS
8475413;Justin Dowling;NYR
8483526;Danil Zhilkin;WPG
8479400;Pierre-Luc Dubois;WSH
8483465;Joakim Kemell;NSH
8478211;Dryden Hunt;CGY
8482807;Ethan Del Mastro;CHI
8481567;Henry Thrun;TOR
8481517;Brett Leason;WSH
8481591;Samuel Poulin;PIT
8483463;Aleksanteri Kaskimaki;STL
8481592;Jakob Pelletier;TBL
8482624;Daniil Miromanov;CGY
8476979;Erik Gustafsson;DET
8477365;Connor Clifton;PIT
8482941;Shane Lachance;NJD
8484901;Jacob Quillan;TOR
8483841;Xavier Parent;NJD
8479941;Justin Danforth;BUF
8478062;Dysin Mayo;CBJ
8479362;Riley Tufte;BOS
8484135;Parker Ford;WPG
8477979;Nicolas Aube-Kubel;MIN
8481178;Egor Zamula;PHI,CBJ
8484403;Florian Xhekaj;MTL
8478452;Caleb Jones;PIT
8483472;Maveric Lamoureux;UTA
8484958;Maxim Tsyplakov;NYI
8483471;Brad Lambert;WPG
8484168;Oscar Fisker Molgaard;SEA
8476952;Dominic Toninato;CHI
8480259;Ben Jones;MIN
8482072;Jack Ahcan;COL
8483447;Conor Geekie;TBL
8481560;Arthur Kaliyev;OTT
8482451;Mikael Pyyhtia;CBJ
8483039;Tristen Nielsen;COL
8484860;Matvei Gridin;CGY
8481014;Alexander Romanov;NYI
8476874;Olli Määttä;UTA
8481577;Philip Tomasino;PIT
8484839;Harrison Brunicke;PIT
8484529;Connor Clattenburg;EDM
8477903;Garnet Hathaway;PHI
8481732;Andre Lee;LAK
8476525;Colin Miller;WPG
8483930;Ivan Ivan;COL
8479395;Dennis Cholowski;NJD
8483531;Brian Halonen;NJD
8482460;Matt Rempe;NYR
8479291;Kevin Rooney;UTA
8485511;Quinn Hutson;EDM
8482118;Sam Colangelo;ANA
8483432;Luca Del Bel Belluz;CBJ
8484386;Dmitri Simashev;UTA
8484150;Hunter Brzustewicz;CGY
8479533;Joona Koppanen;PIT
8474612;Travis Hamonic;DET
8479644;Matt Luff;STL
8477073;Kurtis MacDermid;OTT
8482206;Ethan Cardwell;SJS
8476958;Jaccob Slavin;CAR
8483728;Jared Davidson;MTL
8481599;Victor Soderstrom;BOS
8477021;Alexander Kerfoot;UTA
8484768;Zayne Parekh;CGY
8484794;Michael Brandsegg-Nygård;DET
8483424;Owen Beck;MTL
8477993;Justin Kirkland;CGY
8475752;Tyler Pitlick;MIN
8480871;Adam Boqvist;NYI
8483466;Kevin Korchinski;CHI
8479339;Patrik Laine;MTL
8477541;Dakota Mermis;TOR
8482726;Samuel Helenius;LAK
8480825;Patrick Giles;SJS
8482641;Matt Kiersted;MIN
8484262;Travis Mitchell;NYI
8477463;Steven Santini;TBL
8482168;Maxim Groshev;TBL
8477435;Ryan Graves;PIT
8485405;Brady Martin;NSH
8482785;Justin Robidas;CAR
8481065;Angus Crookshank;NJD
8480192;Johnathan Kovacevic;NJD
8476927;Teddy Blueger;VAN
8483476;Jonathan Lekkerimäki;VAN
8479576;Vincent Desharnais;SJS
8483406;Taylor Ward;LAK
8480876;Curtis Douglas;TBL
8482733;Logan Mailloux;STL
8479985;Cale Fleury;SEA
8480887;Jordan Harris;BOS
8475690;Chris Tanev;TOR
8482087;Kaiden Guhle;MTL
8477996;Juho Lammikko;NJD
8479293;Brandon Tanev;UTA
8484428;Charles Alexis Legault;CAR
8481070;Hugh McGing;STL
8481655;Cole Schwindt;FLA
8482131;Donovan Sebrango;OTT,FLA
8484305;Zach Metsa;BUF
8479026;Philippe Myers;TOR
8482964;Arber Xhekaj;MTL
8483553;Marc Gatcomb;NYI
8479402;Jake Bean;CGY
8481161;Jake Christiansen;CBJ
8478043;Sam Lafferty;CHI
8480058;Pierre-Olivier Joseph;VAN
8480245;Olle Lycksell;OTT
8484203;Bradly Nadeau;CAR
8474090;Brendan Smith;CBJ
8479368;Max Jones;EDM
8480990;Declan Chisholm;WSH
8479316;Luke Kunin;FLA
8480831;Alec Regula;EDM
8479981;Jonah Gadjovich;FLA
8481704;Juuso Parssinen;NYR
8480078;Filip Chytil;VAN
8483425;Lian Bichsel;DAL
8479393;Noah Gregor;FLA
8477070;Liam O'Brien;UTA
8483487;Rutger McGroarty;PIT
8478424;Jansen Harkins;ANA
8475181;Nick Leddy;SJS
8481725;Elmer Soderblom;DET
8477149;Scott Sabourin;TBL
8481609;Vladislav Kolyachonok;DAL,BOS
8475188;Brayden McNabb;VGK
8481167;Brayden Pachal;CGY
8480001;Urho Vaakanainen;NYR
8480879;Jacob Bernard-Docker;DET
8481556;John Beecher;BOS,CGY
8482516;Matthew Kessel;STL
8479414;Nathan Bastian;DAL
8485402;Michael Misa;SJS
8483398;Declan Carlile;TBL
8482470;Ilya Solovyov;COL
8482090;Jack Finley;TBL
8479372;Josh Mahura;SEA
8481030;Jack St. Ivany;PIT
8482859;Zack Ostapchuk;SJS
8482094;Daemon Hunt;MIN
8481219;Jonathan Aspirot;BOS
8483455;Isaac Howard;EDM
8477499;Rasmus Ristolainen;PHI
8482861;Vincent Iorio;SJS
8476856;Mathew Dumba;PIT
8478443;Brandon Carlo;TOR
8481491;Noah Philp;EDM,CAR
8478046;Danton Heinen;PIT,CBJ
8482125;Alexander Holtz;VGK
8477508;Curtis Lazar;EDM
8480144;David Kampf;VAN
8471817;Ryan Reaves;SJS
8481122;Simon Benoit;TOR
8482666;Scott Morrow;NYR
8481569;Marshall Warren;NYI
8477952;Robby Fabbri;STL
8479365;Trent Frederic;EDM
8484142;Denver Barkey;PHI
8484180;Samuel Honzek;CGY
8484321;Nikolas Matinpalo;OTT
8480842;Filip Hallander;PIT
8479944;Zach Aston-Reese;CBJ
8478840;Will Borgen;NYR
8482111;Justin Barron;NSH
8476907;Mackenzie MacEachern;VAN
8482103;Ozzy Wiesblatt;NSH
8481077;John Leonard;DET
8478841;Colton White;NJD
8477454;Adam Erne;DAL
8480084;Nick DeSimone;UTA
8481133;Cole Reinhardt;VGK
8482408;Jeff Malott;LAK
8481237;Kyle MacLean;NYI
8482172;Landon Slaggert;CHI
8481726;Adam Edstrom;NYR
8476822;Luke Glendening;NJD
8482623;Josh Dunne;BUF
8480813;Joseph Veleno;MTL
8474567;Zach Bogosian;MIN
8481641;Joel Kiviranta;COL
8476967;Brett Kulak;EDM,PIT
8482896;Tyson Kozak;BUF
8482874;Jacob Melanson;SEA
8485493;David Tomasek;EDM
8483468;Jiri Kulich;BUF
8482758;Ville Koivunen;PIT
8476867;Brendan Gaunce;CBJ
8478476;Kyle Capobianco;DAL
8475763;Kevin Hayes;PIT
8482117;Lukas Reichel;CHI,VAN
8478416;Erik Cernak;TBL
8483395;Arshdeep Bains;VAN
8474568;Luke Schenn;WPG
8483499;Liam Ohgren;MIN,VAN
8478413;Jordan Greenway;BUF
8478399;Jonas Siegenthaler;NJD
8484210;Gabe Perreault;NYR
8480878;Nils Lundkvist;DAL
8480806;Isac Lundeström;CBJ
8480196;Jacob Bryson;BUF
8484185;Nick Lardis;CHI
8484806;Sam Dickinson;SJS
8477845;Trevor van Riemsdyk;WSH
8478366;Frank Vatrano;ANA
8483676;Stephen Halliday;OTT
8475760;Nick Bjugstad;STL
8482929;Emil Lilleberg;TBL
8482148;Hendrix Lapierre;WSH
8482166;Shakir Mukhamadullin;SJS
8480727;Zach Whitecloud;VGK
8478454;Noah Juulsen;PHI
8483464;Marco Kasper;DET
8476422;Mike Reilly;CAR
8479520;Brandon Duhaime;WSH
8476372;Nick Seeler;PHI
8479066;Ryan Lomberg;CGY
8482095;Tyler Kleven;OTT
8483497;Jani Nyman;SEA
8484388;Daniil But;UTA
8476925;Colton Sissons;VGK
8480281;Alexey Toropchenko;STL
8481593;Jayden Struble;MTL
8475220;Marcus Foligno;MIN
8483630;Pavol Regenda;SJS
8483678;Elias Pettersson;VAN
8474189;Lars Eller;OTT
8477488;Brett Pesce;NJD
8477810;Joel Hanley;CGY
8483513;Reid Schaefer;NSH
8480829;Jesperi Kotkaniemi;CAR
8476458;Ryan Strome;ANA
8475714;Calle Jarnkrok;TOR
8479982;Conor Timmins;BUF
8482765;Isak Rosen;BUF
8477406;Mattias Janmark;EDM
8476917;Adam Pelech;NYI
8482482;Adam Wilsby;NSH
8484160;Nate Danielson;DET
8476429;Scott Mayfield;NYI
8477369;Carson Soucy;NYR
8478468;Jeremy Lauzon;VGK
8479371;Dante Fabbro;CBJ
8476438;Brandon Saad;VGK
8484230;Otto Stenberg;STL
8481789;Tye Kartye;SEA
8476448;William Karlsson;VGK
8481607;Albert Johansson;DET
8479359;Beck Malenstyn;BUF
8482178;Ian Moore;ANA
8476873;Mark Jankowski;CAR
8476872;Scott Laughton;TOR
8481523;Kirby Dach;MTL
8479324;Ryan Lindgren;SEA
8476474;Stefan Noesen;NJD
8479370;Tyson Jost;NSH
8477947;Sonny Milano;WSH
8476994;Vincent Hinostroza;MIN
8476278;Colin Blackwell;DAL
8482062;Cole Smith;NSH
8480950;Ilya Lyubushkin;DAL
8480003;Jesper Boqvist;FLA
8480840;Oskar Bäck;DAL
8478859;Niko Mikkola;FLA
8477953;Kasperi Kapanen;EDM
8482911;Joel Nystrom;CAR
8476879;Cody Ceci;LAK
8476473;Connor Murphy;CHI
8480043;Timothy Liljegren;SJS
8479998;Mikey Anderson;LAK
8480049;Dylan Samberg;WPG
8474151;Ryan McDonagh;TBL
8473507;Jeff Petry;FLA
8484304;Uvis Balinskis;FLA
8481477;Nico Sturm;MIN
8483570;Ben Meyers;SEA
8474679;Gustav Nyquist;WPG
8480834;Ty Emberson;EDM
8483506;Sam Rinzel;CHI
8478104;Samuel Blais;TOR,MTL
8481525;Matthew Robertson;NYR
8483752;Dominic James;TBL
8475842;Sam Carrick;NYR
8482165;Yan Kuznetsov;CGY
8482703;Colton Dach;CHI
8482073;Braden Schneider;NYR
8480246;Nick Perbix;NSH
8477998;Warren Foegele;LAK
8482947;Zakhar Bardakov;COL
8478434;Keegan Kolesar;VGK
8480145;Neal Pionk;WPG
8477446;Michael McCarron;NSH
8474574;Tyler Myers;VAN
8473422;Nick Foligno;CHI
8476467;Jamie Oleksiak;SEA
8476624;Barclay Goodrow;SJS
8480860;Kevin Bahl;CGY
8479336;Carl Grundstrom;PHI
8484800;Berkly Catton;SEA
8477969;Marcus Pettersson;VAN
8482768;Fedor Svechkov;NSH
8479022;Rodrigo Abols;PHI
8478136;Jake Middleton;MIN
8481563;Drew Helleson;ANA
8476871;Tanner Pearson;WPG
8480035;Henri Jokiharju;BOS
8475755;Alexander Petrovic;DAL
8479442;Troy Stecher;EDM,TOR
8476479;Phillip Danault;LAK,MTL
8481043;Cole Koepke;WPG
8479977;Kailer Yamamoto;UTA
8477839;Conor Sheary;NYR
8482475;Egor Chinakhov;CBJ,PIT
8475462;Radko Gudas;ANA
8477450;Jason Dickinson;CHI
8484994;Igor Chernyshov;SJS
8477380;Jonny Brodzinski;NYR
8479369;Andrew Peeke;BOS
8483609;Adam Klapka;CGY
8481006;Tyler Tucker;STL
8481754;Nikita Nesterenko;ANA
8481056;Spencer Stastney;NSH,EDM
8475279;Ben Chiarot;DET
8475208;Brian Dumoulin;LAK
8476393;Nick Cousins;OTT
8476457;Adam Larsson;SEA
8481532;Alex Turcotte;LAK
8477478;William Carrier;CAR
8474641;Adam Henrique;EDM
8476292;Ondrej Palat;NJD
8475324;Nick Jensen;OTT
8478013;Jake Walman;EDM
8482126;Emil Andrae;PHI
8481568;Alex Vlasic;CHI
8478057;Dakota Joshua;TOR
8482176;Wyatt Kaiser;CHI
8478831;Kevin Stenlund;UTA
8478970;Jalen Chatfield;CAR
8476480;Vladislav Namestnikov;WPG
8482751;Ryan Winterton;SEA
8481032;Paul Cotter;NJD
8484164;Dalibor Dvorsky;STL
8482858;Ryker Evans;SEA
8481481;Blake Lizotte;PIT
8476539;Jonathan Marchessault;NSH
8478133;Jake Evans;MTL
8478569;Noel Acciari;PIT
8481719;Max Crozier;TBL
8483733;Nikita Grebenkin;PHI
8478472;Mathieu Joseph;STL
8481013;Jonatan Berggren;DET,STL
8476878;Zemgus Girgensons;TBL
8479980;Nicolas Hague;NSH
8479983;Mario Ferraro;SJS
8475343;Nic Dowd;WSH
8476392;Adam Lowry;WPG
8479671;Mathieu Olivier;CBJ
8478891;Mason Appleton;DET
8483490;Pavel Mintyukov;ANA
8477426;Nick Paul;TBL
8481527;Kaedan Korczak;VGK
8477573;Nathan Walker;STL
8480848;Ty Dellandrea;SJS
8484149;Gavin Brindley;COL
8479390;Taylor Raddysh;NYR
8484136;Max Sasson;VAN
8479996;Cody Glass;NJD
8475168;Matt Duchene;DAL
8476891;Matt Grzelcyk;CHI
8484221;Calum Ritchie;NYI
8479398;Samuel Girard;COL
8478233;Andrew Mangiapane;EDM
8476462;Dougie Hamilton;NJD
8478904;Steven Lorentz;TOR
8475455;Brenden Dillon;NJD
8482691;Aatu Raty;VAN
8477527;Ross Johnston;ANA
8483500;Noah Ostlund;BUF
8480336;Sean Walker;CAR
8476892;Colton Parayko;STL
8475167;Victor Hedman;TBL
8477919;Freddy Gaudreau;SEA
8482660;Kent Johnson;CBJ
8484240;Tom Willander;VAN
8483690;Noah Laba;NYR
8477425;Miles Wood;CBJ
8481618;Alex Newhook;MTL
8475231;Casey Cizikas;NYI
8474563;Drew Doughty;LAK
8479675;Trevor Moore;LAK
8478038;Devon Toews;COL
8474716;Jared Spurgeon;MIN
8475191;Reilly Smith;VGK
8480434;Sean Durzi;UTA
8476897;Oskar Sundqvist;STL
8475784;Jeff Skinner;SJS
8480849;Barrett Hayton;UTA
8482159;Tyson Foerster;PHI
8473986;Alex Killorn;ANA
8477018;Ben Hutton;VGK
8479378;Logan Stanley;WPG
8476921;Jordan Martinook;CAR
8478508;Yakov Trenin;MIN
8476374;Sean Kuraly;BOS
8480355;Mark Kastelic;BOS
8482149;Cole Perfetti;WPG
8484197;Oliver Moore;CHI
8484829;Justin Hryckowian;DAL
8476869;Brady Skjei;NSH
8483890;Braeden Bowman;VGK
8478911;Matt Roy;WSH
8478851;Alexandre Carrier;MTL
8476854;Hampus Lindholm;BOS
8477220;Nate Schmidt;UTA
8479992;Michael Rasmussen;DET
8483512;Matt Savoie;EDM
8481624;Ilya Mikheyev;CHI
8481806;Louis Crevier;CHI
8482634;Alex Steeves;BOS
8484158;Easton Cowan;TOR
8480289;Morgan Barron;WPG
8476981;Josh Anderson;MTL
8482245;Artem Zub;OTT
8482671;Owen Power;BUF
8480459;Pius Suter;STL
8480995;Pontus Holmberg;TBL
8480762;Eric Robinson;CAR
8473994;Jamie Benn;DAL
8479591;Michael Eyssimont;BOS
8482655;J.J. Moser;TBL
8483516;Jimmy Snuggerud;STL
8482145;Mavrik Bourque;DAL
8481554;Kaapo Kakko;SEA
8474013;Ian Cole;UTA
8477507;Nikita Zadorov;BOS
8479353;Brett Howden;VGK
8485702;Max Shabanov;NYI
8480855;Jack McBain;UTA
8481598;Philip Broberg;STL
8475848;Brendan Gallagher;MTL
8476463;Jonas Brodin;MIN
8478469;Thomas Chabot;OTT
8480835;Jack Drury;COL
8475764;Cam Fowler;STL
8484241;Matthew Wood;NSH
8478450;Parker Wotherspoon;PIT
8481606;Jordan Spence;OTT
8480798;Philipp Kurashev;SJS
8478882;Vladislav Gavrikov;NYR
8480068;Ryan Poehling;ANA
8482201;Gage Goncalves;TBL
8482079;Marco Rossi;MIN,VAN
8475768;Jaden Schwartz;SEA
8475906;John Klingberg;SJS
8480796;Martin Fehervary;WSH
8477498;Darnell Nurse;EDM
8473604;Jonathan Toews;WPG
8480873;Rasmus Sandin;WSH
8477456;J.T. Compher;DET
8476441;Joel Edmundson;LAK
8480448;Parker Kelly;COL
8476469;Joel Armia;LAK
8480980;Connor Dewar;PIT
8481522;Peyton Krebs;BUF
8481581;Thomas Harley;DAL
8482762;Simon Edvinsson;DET
8478463;Anthony Beauvillier;WSH
8480064;Josh Norris;BUF
8481068;Yegor Sharangovich;CGY
8483525;Danila Yurov;MIN
8477955;Jared McCann;SEA
8476889;Radek Faksa;DAL
8476931;Jake McCabe;TOR
8483524;Shane Wright;SEA
8482092;Ridly Greig;OTT
8477986;Brandon Montour;SEA
8478854;Ryan Shea;PIT
8480426;Charle-Edouard D'Astous;TBL
8476331;Dylan DeMelo;WPG
8477346;MacKenzie Weegar;CGY
8475799;Nino Niederreiter;WPG
8476923;Damon Severson;CBJ
8481711;Matias Maccelli;TOR
8482074;Connor Zary;CGY
8482077;Dylan Holloway;STL
8483808;Andrei Kuzmenko;LAK
8478421;A.J. Greer;FLA
8479619;Michael Carcone;UTA
8478874;Adam Gaudette;SJS
8476826;Yanni Gourde;TBL
8476419;Jean-Gabriel Pageau;NYI
8484223;Axel Sandin-Pellikka;DET
8477015;Connor Brown;NJD
8482055;Drew O'Connor;VAN
8482803;Olen Zellweger;ANA
8483450;Ryan Greene;CHI
8480113;Alex Iafallo;WPG
8478462;Nicolas Roy;TOR
8478020;Michael Amadio;OTT
8480074;Alexandre Texier;STL,MTL
8476483;Rickard Rakell;PIT
8475794;Tyler Seguin;DAL
8478055;Gustav Forsling;FLA
8484798;Zeev Buium;MIN,VAN
8482100;Alexander Nikishin;CAR
8481546;Cam York;PHI
8475151;Kyle Palmieri;NYI
8482713;Mackie Samoskevich;FLA
8482142;Jamie Drysdale;PHI
8479661;Tanner Jeannot;BOS
8477987;Ryan Donato;CHI
8482737;Zachary Bolduc;MTL
8477932;Aaron Ekblad;FLA
8483495;Simon Nemec;NJD
8478500;Ivan Provorov;CBJ
8483573;Ethen Frank;WSH
8478396;Noah Hanifin;VGK
8481721;Arseny Gritsyuk;NJD
8484471;Emmitt Finnie;DET
8485414;Ben Kindel;PIT
8480185;Eetu Luostarinen;FLA
8477948;Travis Sanheim;PHI
8475798;Mikael Granlund;ANA
8476885;Jacob Trouba;ANA
8475218;Mattias Ekholm;EDM
8482511;Mason Lohrei;BOS
8477407;Anthony Duclair;NYI
8479351;Sam Steel;DAL
8473533;Jordan Staal;CAR
8482088;Justin Sourdif;WSH
8475170;Brayden Schenn;STL
8479385;Jordan Kyrou;STL
8474037;James van Riemsdyk;DET
8482089;Jake Neighbours;STL
8477451;Ryan Hartman;MIN
8476312;Josh Manson;COL
8477950;Tony DeAngelo;NYI
8483565;Nick Blankenburg;NSH
8480797;Joel Farabee;CGY
8476902;Esa Lindell;DAL
8484145;Zach Benson;BUF
8475765;Vladimir Tarasenko;MIN
8480188;Fabian Zetterlund;OTT
8478458;Jack Roslovic;EDM
8482705;Cole Sillinger;CBJ
8475722;Jason Zucker;BUF
8482177;Marat Khusnutdinov;BOS
8481553;Bobby Brink;PHI
8481617;Vasily Podkolzin;EDM
8477503;Max Domi;TOR
8479999;Casey Mittelstadt;BOS
8478975;Mason Marchment;SEA,CBJ
8477494;Jonathan Drouin;NYI
8479525;Ross Colton;COL
8479638;Justin Brazeau;PIT
8477506;Ryan Pulock;NYI
8477416;Oliver Bjorkstrand;TBL
8483485;Denton Mateychuk;CBJ
8481024;Linus Karlsson;VAN
8478109;Victor Olofsson;COL
8483493;Frank Nazar;CHI
8475169;Evander Kane;VAN
8484783;Artyom Levshunov;CHI
8476875;Mike Matheson;MTL
8478438;Thomas Novak;PIT
8474102;David Perron;OTT
8480801;Brady Tkachuk;OTT
8483489;Fraser Minten;BOS
8476456;Jonathan Huberdeau;CGY
8478542;Evan Rodrigues;FLA
8478507;John Marino;UTA
8476882;Teuvo Teravainen;CHI
8471685;Anze Kopitar;LAK
8476399;Blake Coleman;CGY
8480817;K'Andre Miller;CAR
8475692;Mats Zuccarello;MIN
8478444;Brock Boeser;VAN
8478474;Lawson Crouse;UTA
8482702;Logan Stankoven;CAR
8477497;Sean Monahan;CBJ
8475753;Justin Faulk;STL
8482155;Alex Laferriere;LAK
8478856;Conor Garland;VAN
8480028;Morgan Frost;CGY
8482476;Emil Heineman;NYI
8476455;Gabriel Landeskog;COL
8481582;Nicholas Robertson;TOR
8477447;Shea Theodore;VGK
8480807;Mattias Samuelsson;BUF
8475200;Dmitry Orlov;SJS
8482730;Brandt Clarke;LAK
8478498;Jake DeBrusk;VAN
8483431;Logan Cooley;UTA
8481601;Simon Holmstrom;NYI
8484258;Sam Malinski;COL
8475791;Taylor Hall;CAR
8471724;Kris Letang;PIT
8484387;Matvei Michkov;PHI
8482157;Will Cuylle;NYR
8470621;Corey Perry;LAK
8474600;Roman Josi;NSH
8480748;Kiefer Sherwood;VAN
8478042;Viktor Arvidsson;BOS
8470613;Brent Burns;COL
8476432;Boone Jenner;CBJ
8476468;J.T. Miller;NYR
8480220;Noah Cates;PHI
8476461;Sean Couturier;PHI
8484911;Collin Graf;SJS
8477402;Pavel Buchnevich;STL
8482109;Alexis Lafrenière;NYR
8482684;Luke Hughes;NJD
8481596;Shane Pinto;OTT
8477495;Seth Jones;FLA
8475287;Erik Haula;NSH
8482097;Jack Quinn;BUF
8482259;Bobby McMann;TOR
8482679;Matt Coronato;CGY
8478414;Timo Meier;NJD
8478407;Vince Dunn;SEA
8475184;Chris Kreider;ANA
8481524;Bowen Byram;BUF
8476853;Morgan Rielly;TOR
8480015;Owen Tippett;PHI
8477501;Valeri Nichushkin;COL
8478047;Michael Bunting;NSH
8479325;Charlie McAvoy;BOS
8475314;Anders Lee;NYI
8482809;Jackson Blake;CAR
8480009;Eeli Tolvanen;SEA
8482124;Quinton Byfield;LAK
8479425;Filip Hronek;VAN
8480802;Ryan McLeod;BUF
8476389;Vincent Trocheck;NYR
8482775;Oliver Kapanen;MTL
8475786;Zach Hyman;EDM
8476905;Chandler Stephenson;SEA
8482110;Dawson Mercer;NJD
8484186;Ryan Leonard;WSH
8482122;Brock Faber;MIN
8480012;Elias Pettersson;VAN
8481580;Connor McMichael;WSH
8475171;Oliver Ekman-Larsson;TOR
8477429;Andrew Copp;DET
8482745;Mason McTavish;ANA
8481559;Jack Hughes;NJD
8478519;Anthony Cirelli;TBL
8474141;Patrick Kane;DET
8479323;Adam Fox;NYR
8477989;Christian Dvorak;PHI
8482667;William Eklund;SJS
8477511;Anthony Mantha;PIT
8481605;Jackson LaCombe;ANA
8480865;Noah Dobson;MTL
8477444;Andre Burakovsky;CHI
8474586;Jordan Eberle;SEA
8484227;Will Smith;SJS
8478397;Rasmus Andersson;CGY
8475745;Charlie Coyle;CBJ
8484166;Adam Fantilli;CBJ
8482665;Matty Beniers;SEA
8474150;Mikael Backlund;CGY
8478010;Brayden Point;TBL
8480839;Rasmus Dahlin;BUF
8485366;Matthew Schaefer;NYI
8477496;Elias Lindholm;BOS
8482659;Josh Doan;BUF
8481716;Dmitri Voronkov;CBJ
8481656;Aliaksei Protas;WSH
8482146;Luke Evangelista;NSH
8481528;Dylan Cozens;OTT
8477942;Kevin Fiala;LAK
8474564;Steven Stamkos;NSH
8475726;Tyler Toffoli;SJS
8479410;Mikhail Sergachev;UTA
8478401;Pavel Zacha;BOS
8476906;Shayne Gostisbehere;CAR
8475172;Nazem Kadri;CGY
8477505;Alexander Wennberg;SJS
8482175;JJ Peterka;UTA
8479345;Jakob Chychrun;WSH
8471215;Evgeni Malkin;PIT
8476887;Filip Forsberg;NSH
8477964;Ivan Barbashev;VGK
8478493;Joel Eriksson Ek;MIN
8473512;Claude Giroux;OTT
8482113;Anton Lundell;FLA
8474578;Erik Karlsson;PIT
8482105;Jake Sanderson;OTT
8481604;Pavel Dorofeyev;VGK
8475149;Marcus Johansson;MIN
8480023;Robert Thomas;STL
8477500;Bo Horvat;NYI
8481542;Moritz Seider;DET
8482093;Seth Jarvis;CAR
8477476;Artturi Lehkonen;COL
8477940;Nikolaj Ehlers;CAR
8477409;Carter Verhaeghe;FLA
8480002;Nico Hischier;NJD
8480830;Andrei Svechnikov;CAR
8474590;John Carlson;WSH
8477960;Adrian Kempe;LAK
8477935;Sam Bennett;FLA
8484762;Beckett Sennecke;ANA
8478440;Dylan Strome;WSH
8478449;Roope Hintz;DAL
8480036;Miro Heiskanen;DAL
8479407;Jesper Bratt;NJD
8475810;Bryan Rust;PIT
8478445;Mathew Barzal;NYI
8477479;Tyler Bertuzzi;CHI
8479318;Auston Matthews;TOR
8477949;Alex Tuch;BUF
8477504;Josh Morrissey;WPG
8476454;Ryan Nugent-Hopkins;EDM
8475754;Brock Nelson;COL
8478439;Travis Konecny;PHI
8480893;Kirill Marchenko;CBJ
8482720;Matthew Knies;TOR
8483515;Juraj Slafkovský;MTL
8475158;Ryan O'Reilly;NSH
8480800;Quinn Hughes;VAN,MIN
8476881;Tomas Hertl;VGK
8478178;Darren Raddysh;TBL
8484984;Ivan Demidov;MTL
8475166;John Tavares;TOR
8471214;Alex Ovechkin;WSH
8483445;Cutter Gauthier;ANA
8482699;Dylan Guenther;UTA
8481533;Trevor Zegras;PHI
8475913;Mark Stone;VGK
8476459;Mika Zibanejad;NYR
8479987;Morgan Geekie;BOS
8477951;Nick Schmaltz;UTA
8480208;Drake Batherson;OTT
8479542;Brandon Hagel;TBL
8480014;Gabriel Vilardi;WPG
8477946;Dylan Larkin;DET
8478873;Troy Terry;ANA
8476880;Tom Wilson;WSH
8479420;Tage Thompson;BUF
8481540;Cole Caufield;MTL
8479343;Clayton Keller;UTA
8484153;Leo Carlsson;ANA
8477933;Sam Reinhart;FLA
8478427;Sebastian Aho;CAR
8483457;Lane Hutson;MTL
8484144;Connor Bedard;CHI
8482116;Tim Stützle;OTT
8478483;Mitch Marner;VGK
8473419;Brad Marchand;FLA
8477939;William Nylander;TOR
8480803;Evan Bouchard;EDM
8477404;Jake Guentzel;TBL
8478403;Jack Eichel;VGK
8471675;Sidney Crosby;PIT
8482078;Lucas Raymond;DET
8479337;Alex DeBrincat;DET
8480018;Nick Suzuki;MTL
8481557;Matt Boldy;MIN
8478550;Artemi Panarin;NYR
8478460;Zach Werenski;CBJ
8478864;Kirill Kaprizov;MIN
8482740;Wyatt Johnston;DAL
8480069;Cale Makar;COL
8476460;Mark Scheifele;WPG
8478398;Kyle Connor;WPG
8480027;Jason Robertson;DAL
8477956;David Pastrnak;BOS
8480039;Martin Necas;COL
8478420;Mikko Rantanen;DAL
8477934;Leon Draisaitl;EDM
8476453;Nikita Kucherov;TBL
8484801;Macklin Celebrini;SJS
8477492;Nathan MacKinnon;COL
8478402;Connor McDavid;EDM
